,Topic summary,Associated Links,Week Number,wc_date,Sender,Email ID,Duplicates,link,L,LD,I,whois,source,Rank,Category 
0,"Multiple AI tools, including Wope, Email AI, Anyword Performance Boost AI Extension, and CoPrompt, offer powerful SEO insights and generate marketing materials.","['https://wope.com/', 'https://snov.io/ai-email-writer', 'https://anyword.com/performance-boost-ai/', 'https://www.coprompt.io/login']",29,,,1896e437e6681fa1,0,"['https://wope.com/', 'https://snov.io/ai-email-writer', 'https://anyword.com/performance-boost-ai/', 'https://www.coprompt.io/login']",1260,10700,9,,,3930000,
1,"Learn more about KDnuggets, its privacy policy, and its social media accounts","['https://www.kdnuggets.com/about/index.html', 'https://www.kdnuggets.com/news/privacy-policy.html', 'https://www.kdnuggets.com/contact.html', 'https://twitter.com/kdnuggets', 'https://facebook.com/kdnuggets', 'https://www.linkedin.com/groups/54257/', 'https://www.instagram.com/officialkdnuggets/']",29,,,1896f5a53ea7542d,0,"['https://www.kdnuggets.com/about/index.html', 'https://www.kdnuggets.com/news/privacy-policy.html', 'https://www.kdnuggets.com/contact.html', 'https://twitter.com/kdnuggets', 'https://facebook.com/kdnuggets', 'https://www.linkedin.com/groups/54257/', 'https://www.instagram.com/officialkdnuggets/']",75300,56000000000.0,637000,,,4,
2,"Learn about various events, meetings, projects, publications, and webinars on KDnuggets","['https://www.kdnuggets.com/cheat-sheets/index.html', 'https://www.kdnuggets.com/datasets/index.html', 'https://www.kdnuggets.com/education/index.html', 'https://www.kdnuggets.com/meetings/index.html', 'https://www.kdnuggets.com/jobs/index.html', 'https://www.kdnuggets.com/projects/index.html', 'https://www.kdnuggets.com/publication/index.html', 'https://www.kdnuggets.com/webcasts/index.html']",29,,,1896f5a53ea7542d,0,"['https://www.kdnuggets.com/cheat-sheets/index.html', 'https://www.kdnuggets.com/datasets/index.html', 'https://www.kdnuggets.com/education/index.html', 'https://www.kdnuggets.com/meetings/index.html', 'https://www.kdnuggets.com/jobs/index.html', 'https://www.kdnuggets.com/projects/index.html', 'https://www.kdnuggets.com/publication/index.html', 'https://www.kdnuggets.com/webcasts/index.html']",11000,1350000,392,,,48600,
3,Learn about the potential of synthetic data in helping with data access,['https://www.kdnuggets.com/2023/07/mostly-data-access-severely-lacking-synthetic-data-help.html'],29,,,1896f5a53ea7542d,0,['https://www.kdnuggets.com/2023/07/mostly-data-access-severely-lacking-synthetic-data-help.html'],41,1350000,394,,,48600,
4,Learn about the new AI leader Claude and his journey,['https://www.kdnuggets.com/2023/07/chatgpt-dethroned-claude-became-new-ai-leader.html'],29,,,1896f5a53ea7542d,0,['https://www.kdnuggets.com/2023/07/chatgpt-dethroned-claude-became-new-ai-leader.html'],1220,1350000,2200,,,48600,
5,"Ken Smythe, CEO of Next Round Capital Partners, predicts that 85% of AI startups will fail within three years due to competition from larger tech firms.",['Major investor says 85% of AI startups will fail'],29,,,1896e5e12af21261,0,['Major investor says 85% of AI startups will fail'],,,,,,,
6,"Join this webinar with Kevin Petrie, VP of Research at the Eckerson Group and Prophecy Co-Founders to learn: Why data teams struggle to meet requirements for data delivery and consumption. How generative AI can boost productivity. The opportunity, challenges, and use cases for a domain-specific approach to generative AI. How the Prophecy Generative AI platform and Data Copilot enable this domain-specific approach.",['https://landing.prophecy.io/unlocking-the-promise-of-generative-ai-with-your-enterprise-data?utm_campaign=live-webinar-Unlocking-the-promise-of-generative-AI-with-your-enterprise-data&utm_medium=paid-media&utm_source=kd-nuggets'],29,,,189695ae4fa5eccc,0,['https://landing.prophecy.io/unlocking-the-promise-of-generative-ai-with-your-enterprise-data?utm_campaign=live-webinar-Unlocking-the-promise-of-generative-AI-with-your-enterprise-data&utm_medium=paid-media&utm_source=kd-nuggets'],,,,,,,
7,Microsoft has announced its AI-powered Copilot will be integrated into Microsoft Teams for phone and chat as part of Microsoft 365 Copilot for an additional $30 per month (on top of existing commercial subscriptions).,['Microsoft announces AI for enterprises'],29,,,1896e5e12af21261,0,['Microsoft announces AI for enterprises'],4920,2650000,2560,,,52,
8,"Meta open-sources LLaMA 2, their language model ready for GPT-4. Trained on more data, it outperforms rivals like Falcon and MPT.",['https://about.fb.com/news/2023/07/llama-2/'],29,,,1896e437e6681fa1,0,['https://about.fb.com/news/2023/07/llama-2/'],4360,4290000,2190,,,5290,
9,"Meta open-sourced their large language model LlamA 2 (ChatGPT competitor), authorized commercial use, and announced a shocking partnership with Microsoft.",['Meta and Microsoft team up and release Llama 2'],29,,,1896e5e12af21261,0,['Meta and Microsoft team up and release Llama 2'],4400,4300000,1790,,,5290,
10,Watch the video ode to V1s and stay updated on Arc's journey to building a better way to use the internet.,"['https://youtu.be/n5Vwrj1gEWs', 'http://youtube.com/thebrowsercompany', 'http://twitter.com/joshm']",30,2023-07-24,The Browser Company <members@arc.net>,1898d714320dfd5a,0,"['https://youtu.be/n5Vwrj1gEWs', 'http://youtube.com/thebrowsercompany', 'http://twitter.com/joshm']",508,56500000000,450000,,,4,['AI news']
11,Using color in data visualizations to emphasize important information.,['https://blog.datawrapper.de/emphasize-with-color-in-data-visualizations/?utm_campaign=Data_Elixir&utm_source=Data_Elixir_445'],30,2023-07-24,Data Elixir <lon@dataelixir.com>,1898ec496527701f,0,['https://blog.datawrapper.de/emphasize-with-color-in-data-visualizations/?utm_campaign=Data_Elixir&utm_source=Data_Elixir_445'],,,,,,,['AI Marketing tools']
12,Use this awesome salary calculator specifically designed for people who work with data.,['https://jobs-in-data.com/salary-calculator?utm_campaign=Data_Elixir&utm_source=Data_Elixir_445'],30,2023-07-24,Data Elixir <lon@dataelixir.com>,1898ec496527701f,0,['https://jobs-in-data.com/salary-calculator?utm_campaign=Data_Elixir&utm_source=Data_Elixir_445'],17,40,23,,,24400000,['Making money with AI']
13,"The Rundown recommends new AI tools including RunDiffusion, FixMeBot, PDF to Chatbot, workstreams.ai, MindStudio, Lyzr.ai, and Supertools.","['https://rundiffusion.com/', 'https://fixmebot.com/', 'https://pdftochatbot.thesamur.ai/', 'https://www.workstreams.ai/', 'https://youai.ai/mindstudio', 'https://www.lyzr.ai/', 'https://supertools.therundown.ai/']",30,2023-07-24,The Rundown AI <therundownai@mail.beehiiv.com>,1898d423d9eecffd,0,"['https://rundiffusion.com/', 'https://fixmebot.com/', 'https://pdftochatbot.thesamur.ai/', 'https://www.workstreams.ai/', 'https://youai.ai/mindstudio', 'https://www.lyzr.ai/', 'https://supertools.therundown.ai/']",7560,26100,112,,,845000,['New Tech and AI tools']
14,Test-Driven Data Analysis (TDDA) is an approach to quality for data and for data analysis pipelines.,['https://codeforthought.buzzsprout.com/1326658/13192819-en-test-driven-data-analysis-with-nick-radcliffe?utm_campaign=Data_Elixir&utm_source=Data_Elixir_445'],30,2023-07-24,Data Elixir <lon@dataelixir.com>,1898ec496527701f,0,['https://codeforthought.buzzsprout.com/1326658/13192819-en-test-driven-data-analysis-with-nick-radcliffe?utm_campaign=Data_Elixir&utm_source=Data_Elixir_445'],,,,,,,['AI real-world applications']
15,Salesforce CEO shares predictions for AI and the future of work. Google's water usage is skyrocketing due to AI. Bing Chat coming to Google Chrome and Safari. AI manipulation of Assassin's Creed character's voice raises concerns.,"['https://apnews.com/article/salesforce-marc-benioff-artificial-intelligence-layoffs-pandemic-2c5c5f7f6daf50ddcae675b422aa745f', 'https://www.businessinsider.com/google-water-use-soaring-ai-make-it-worse-data-centers-2023-7', 'https://www.theverge.com/2023/7/24/23805493/bing-ai-chat-google-chrome-safari', 'https://www.axios.com/2023/07/24/ai-voice-actors-victoria-atkin-assassins-creed']",30,2023-07-24,Big Brain <bigbrain@mail.beehiiv.com>,1898d297871e1b34,0,"['https://apnews.com/article/salesforce-marc-benioff-artificial-intelligence-layoffs-pandemic-2c5c5f7f6daf50ddcae675b422aa745f', 'https://www.businessinsider.com/google-water-use-soaring-ai-make-it-worse-data-centers-2023-7', 'https://www.theverge.com/2023/7/24/23805493/bing-ai-chat-google-chrome-safari', 'https://www.axios.com/2023/07/24/ai-voice-actors-victoria-atkin-assassins-creed']",14000,216000000,3930,,,151,['AI news']
16,RudderStack Profiles takes the SQL grunt work out of building customer profiles.,['https://www.rudderstack.com/product/profiles/?utm_source=data_elixir&utm_medium=newsletter&utm_campaign=CMPGN_173_P&utm_content=None&utm_term=%7Bkeyword%7D&utm_referrer=None&raid=ff47ca3fcd9b466cb67ba56fe54e2d34'],30,2023-07-24,Data Elixir <lon@dataelixir.com>,1898ec496527701f,0,['https://www.rudderstack.com/product/profiles/?utm_source=data_elixir&utm_medium=newsletter&utm_campaign=CMPGN_173_P&utm_content=None&utm_term=%7Bkeyword%7D&utm_referrer=None&raid=ff47ca3fcd9b466cb67ba56fe54e2d34'],,,,,,,['AI Marketing tools']
17,"OpenAI's AI detection tool AI Classifier has been discontinued due to low accuracy, and the company is exploring more effective methods to detect AI-generated content.",['https://decrypt.co/149826/openai-quietly-shutters-its-ai-detection-tool'],30,2023-07-24,The Rundown AI <therundownai@mail.beehiiv.com>,1898d423d9eecffd,0,['https://decrypt.co/149826/openai-quietly-shutters-its-ai-detection-tool'],1860,22000000,2210,,,8700,['AI news']
18,"OpenAI shuts down AI detection tool due to low accuracy rates. Educators left disappointed, but OpenAI vows to return stronger and wiser.",['https://decrypt.co/149826/openai-quietly-shutters-its-ai-detection-tool'],30,2023-07-24,neonpulse <neonpulse@mail.beehiiv.com>,1898d2760e7924e8,0,['https://decrypt.co/149826/openai-quietly-shutters-its-ai-detection-tool'],1860,22000000,2600,,,8700,['AI news']
19,"OpenAI CEO Sam Altman has launched Worldcoin, a cryptocurrency that aims to create a globally-inclusive identity and financial network.",['https://www.benzinga.com/markets/cryptocurrency/23/07/33348538/openai-ceo-sam-altman-launches-worldcoin-a-bold-crypto-experiment-at-the-intersection-of-a'],30,2023-07-24,The Rundown AI <therundownai@mail.beehiiv.com>,1898d423d9eecffd,0,['https://www.benzinga.com/markets/cryptocurrency/23/07/33348538/openai-ceo-sam-altman-launches-worldcoin-a-bold-crypto-experiment-at-the-intersection-of-a'],33,24300000,31200,,,2170,"['Making money with AI', 'New Tech and AI tools']"
20,Offering an exclusive 20% early bird discount for the ebook 'Maximizing Productivity with ChatGPT'.,['Maximizing Productivity with ChatGPT (https://machinelearningmastery.com/productivity-with-chatgpt/)'],30,2023-07-24,KDnuggets <editor1@kdnuggets.com>,1898ddc66b483a1b,0,['Maximizing Productivity with ChatGPT (https://machinelearningmastery.com/productivity-with-chatgpt/)'],2,399000,2190,,,17300,['AI Marketing tools']
21,"MIT introduces PhotoGuard, a tool designed to protect photos from AI manipulation. It confuses AI's understanding of the image and camouflages it entirely.",['https://www.engadget.com/mits-photoguard-protects-your-images-from-malicious-ai-edits-213036912.html'],30,2023-07-24,Big Brain <bigbrain@mail.beehiiv.com>,1898d297871e1b34,0,['https://www.engadget.com/mits-photoguard-protects-your-images-from-malicious-ai-edits-213036912.html'],49,295000000,2160,,,2330,['AI real-world applications']
22,Learn how to develop and deploy an end-to-end data application with SQL and Jupyter.,['https://ploomber-sql.readthedocs.io/en/latest/index.html?utm_campaign=Data_Elixir&utm_source=Data_Elixir_445'],30,2023-07-24,Data Elixir <lon@dataelixir.com>,1898ec496527701f,0,['https://ploomber-sql.readthedocs.io/en/latest/index.html?utm_campaign=Data_Elixir&utm_source=Data_Elixir_445'],,,,,,,['AI in business']
23,Introduction to Cloud-Based Geospatial Analysis using Google's Earth Engine and geemap.,['https://cfp.scipy.org/2023/talk/GQ7PG3/?utm_campaign=Data_Elixir&utm_source=Data_Elixir_445'],30,2023-07-24,Data Elixir <lon@dataelixir.com>,1898ec496527701f,0,['https://cfp.scipy.org/2023/talk/GQ7PG3/?utm_campaign=Data_Elixir&utm_source=Data_Elixir_445'],,,,,,,['AI real-world applications']
24,"Hunna Technology has introduced IndigoVX, the first AI CEO in Europe, combining AI with human intelligence to make optimal business decisions.",['https://www.asiaone.com/business/first-ai-ceo-europe-revolutionizes-leadership-using-human-supervision-safety'],30,2023-07-24,The Rundown AI <therundownai@mail.beehiiv.com>,1898d423d9eecffd,0,['https://www.asiaone.com/business/first-ai-ceo-europe-revolutionizes-leadership-using-human-supervision-safety'],,,,,,,['AI in business']
25,"Hoppy Copy allows you to create image-rich newsletters instantly with AI, providing ideas for new content sections, generating copy and imagery, and monitoring competitors' newsletters.",['https://www.hoppycopy.co/ai-newsletter-creator'],30,2023-07-24,The Rundown AI <therundownai@mail.beehiiv.com>,1898d423d9eecffd,0,['https://www.hoppycopy.co/ai-newsletter-creator'],,,,,,,['AI Marketing tools']
26,Here's a great overview of nine popular options for Python vector databases.,['https://code.dblock.org/2023/06/16/getting-started-with-vector-dbs-in-python.html?utm_campaign=Data_Elixir&utm_source=Data_Elixir_445'],30,2023-07-24,Data Elixir <lon@dataelixir.com>,1898ec496527701f,0,['https://code.dblock.org/2023/06/16/getting-started-with-vector-dbs-in-python.html?utm_campaign=Data_Elixir&utm_source=Data_Elixir_445'],,,,,,,['New Tech and AI tools']
27,"Get exclusive Arc 1.0 stickers for your laptop and support a good cause. Don't miss out, they're only available for a limited time.","['https://shop.arc.net/products/arc-1-0-sticker', 'http://twitter.com/elfanek', 'https://www.refugeesinternational.org/']",30,2023-07-24,The Browser Company <members@arc.net>,1898d714320dfd5a,0,"['https://shop.arc.net/products/arc-1-0-sticker', 'http://twitter.com/elfanek', 'https://www.refugeesinternational.org/']",7460,533000,1770,,,522000,['AI Marketing tools']
28,"Features and benefits of the new ebook 'Maximizing Productivity with ChatGPT', including strategies, techniques, and guidance for interacting with ChatGPT.",['Maximizing Productivity with ChatGPT (https://machinelearningmastery.com/productivity-with-chatgpt/)'],30,2023-07-24,KDnuggets <editor1@kdnuggets.com>,1898ddc66b483a1b,0,['Maximizing Productivity with ChatGPT (https://machinelearningmastery.com/productivity-with-chatgpt/)'],2,399000,1770,,,17300,['AI real-world applications']
29,"Featured AI product - Intelogos, an employee wellbeing and AI performance management software. Other AI tools include FixMeBot, n8n 1.0, PDF to Chatbot, and Superhuman.","['https://www.intelogos.com/?utm_source=bigbraindaily.com&utm_medium=newsletter&utm_campaign=UnclassifiedAd', 'https://fixmebot.com/', 'https://n8n.io/', 'https://pdftochatbot.thesamur.ai/', 'https://superhuman.com/']",30,2023-07-24,Big Brain <bigbrain@mail.beehiiv.com>,1898d297871e1b34,0,"['https://www.intelogos.com/?utm_source=bigbraindaily.com&utm_medium=newsletter&utm_campaign=UnclassifiedAd', 'https://fixmebot.com/', 'https://n8n.io/', 'https://pdftochatbot.thesamur.ai/', 'https://superhuman.com/']",73700,80800,757,,,53200,"['AI Marketing tools', 'New Tech and AI tools']"
30,Exhaustive Python cheatsheet with concise and Pythonic code examples.,['https://gto76.github.io/python-cheatsheet/?utm_campaign=Data_Elixir&utm_source=Data_Elixir_445'],30,2023-07-24,Data Elixir <lon@dataelixir.com>,1898ec496527701f,0,['https://gto76.github.io/python-cheatsheet/?utm_campaign=Data_Elixir&utm_source=Data_Elixir_445'],4960,6930,31,,,5140000,['New Tech and AI tools']
31,"Contact details for The Browser Company in New York. Also, find the unsubscribe link for email notifications.","['https://thebrowser.company/', 'https://company.us6.list-manage.com/unsubscribe?u=73c2f0478f1b3cd8343ae8f45&id=3de31cbb2f&e=2839c689a3&c=b8aeec1250']",30,2023-07-24,The Browser Company <members@arc.net>,1898d714320dfd5a,0,"['https://thebrowser.company/', 'https://company.us6.list-manage.com/unsubscribe?u=73c2f0478f1b3cd8343ae8f45&id=3de31cbb2f&e=2839c689a3&c=b8aeec1250']",15800,49400,47,,,288000,['AI Marketing tools']
32,Collection of 8 challenging puzzles about training large language models on many GPUs.,['https://github.com/srush/LLM-Training-Puzzles?utm_campaign=Data_Elixir&utm_source=Data_Elixir_445#readme'],30,2023-07-24,Data Elixir <lon@dataelixir.com>,1898ec496527701f,0,['https://github.com/srush/LLM-Training-Puzzles?utm_campaign=Data_Elixir&utm_source=Data_Elixir_445#readme'],21,9500000000,118000,,,283,['Writing prompts for chatbot assistants']
33,"Collaboration announcement between Machine Learning Mastery and KDnuggets, introducing a new ebook focused on ChatGPT and AI applications.","['Machine Learning Mastery (https://machinelearningmastery.com/)', 'Maximizing Productivity with ChatGPT (https://machinelearningmastery.com/productivity-with-chatgpt/)']",30,2023-07-24,KDnuggets <editor1@kdnuggets.com>,1898ddc66b483a1b,0,"['Machine Learning Mastery (https://machinelearningmastery.com/)', 'Maximizing Productivity with ChatGPT (https://machinelearningmastery.com/productivity-with-chatgpt/)']",18100,399000,1770,,,17300,"['AI real-world applications', 'New Tech and AI tools']"
34,Cerebras builds a super-powered supercomputer with 2 exaflops capacity. Expansion plans include Austin TX and Ashville NC.,"['https://spectrum.ieee.org/ai-supercomputer-2662304872', 'https://www.cerebras.net/product-chip/', 'https://www.cerebras.net/product-system/']",30,2023-07-24,Big Brain <bigbrain@mail.beehiiv.com>,1898d297871e1b34,0,"['https://spectrum.ieee.org/ai-supercomputer-2662304872', 'https://www.cerebras.net/product-chip/', 'https://www.cerebras.net/product-system/']",3820,389000000,1820,,,4850,"['New Tech and AI tools', 'AI in business']"
35,"Bing Chat is expanding its availability to Google Chrome and Safari browsers, but with limitations and pop-ups prompting users to download Microsoft Edge.",['https://www.theverge.com/2023/7/24/23805493/bing-ai-chat-google-chrome-safari'],30,2023-07-24,The Rundown AI <therundownai@mail.beehiiv.com>,1898d423d9eecffd,0,['https://www.theverge.com/2023/7/24/23805493/bing-ai-chat-google-chrome-safari'],600,108000000,2330,,,571,"['AI real-world applications', 'New Tech and AI tools']"
36,"Big Tech companies like Amazon, Google, and Microsoft have committed to implementing safety standards in response to concerns about AI.",['https://www.informationweek.com/big-data/big-tech-firms-promise-ai-safeguards#'],30,2023-07-24,The Rundown AI <therundownai@mail.beehiiv.com>,1898d423d9eecffd,0,['https://www.informationweek.com/big-data/big-tech-firms-promise-ai-safeguards#'],13,21800000,1810,,,205000,['AI in business']
37,Arc just hit 1.0 and is now open to the world without a waitlist. See why now is the perfect time to try Arc.,"['http://arc.net', 'https://twitter.com/jedimody/status/1676960294164377602', 'https://twitter.com/codeblue87/status/1682410943630680065', 'https://twitter.com/ArcMembership/status/1641553028414046216']",30,2023-07-24,The Browser Company <members@arc.net>,1898d714320dfd5a,0,"['http://arc.net', 'https://twitter.com/jedimody/status/1676960294164377602', 'https://twitter.com/codeblue87/status/1682410943630680065', 'https://twitter.com/ArcMembership/status/1641553028414046216']",19400,29500,385,,,54700,"['AI real-world applications', 'New Tech and AI tools']"
38,An AI tool called Superhuman AI provides a fast email experience and helps users write perfectly crafted emails that sound like them.,['https://superhuman.com/?utm_source=promptsdaily&utm_medium=newsletter&utm_campaign=ai_newsletter_July2023'],30,2023-07-24,Prompts Daily <aadit@mail.neatprompts.com>,1898c901304ffed2,0,['https://superhuman.com/?utm_source=promptsdaily&utm_medium=newsletter&utm_campaign=ai_newsletter_July2023'],73700,80800,758,,,53200,"['AI Marketing tools', 'AI in business']"
39,Add your name to Arc.net and be part of the credits. It's not too late to leave your mark.,"['http://arc.net/credits', 'https://browserco.typeform.com/thecredits']",30,2023-07-24,The Browser Company <members@arc.net>,1898d714320dfd5a,0,"['http://arc.net/credits', 'https://browserco.typeform.com/thecredits']",19400,29500,385,,,54700,['AI in business']
40,"AI is being used to help kids with research papers, making the process easier and more efficient.",['https://archive.ph/9dfOZ'],30,2023-07-24,Prompts Daily <aadit@mail.neatprompts.com>,1898c901304ffed2,0,['https://archive.ph/9dfOZ'],,,,,,,"['AI real-world applications', 'No code AI use cases']"
41,AI Characters in Video Games are changing the gaming experience forever by using AI NPCs that respond to players and act like humans.,['https://youtu.be/4sCWf2VGdfc'],30,2023-07-24,Prompts Daily <aadit@mail.neatprompts.com>,1898c901304ffed2,0,['https://youtu.be/4sCWf2VGdfc'],1,4700000000,94000,,,5850,"['AI real-world applications', 'New Tech and AI tools']"
42,"A cookbook for common tasks and problems in polars, R base, dplyr, tidyr, and data.table.",['https://ddotta.github.io/cookbook-rpolars/?utm_campaign=Data_Elixir&utm_source=Data_Elixir_445'],30,2023-07-24,Data Elixir <lon@dataelixir.com>,1898ec496527701f,0,['https://ddotta.github.io/cookbook-rpolars/?utm_campaign=Data_Elixir&utm_source=Data_Elixir_445'],96,9430,48,,,23100000,['No code AI use cases']
43,~$76.6M of Funding Raised,[],29,17/07/2023,,1896e4e68e598a45,0,[],,,,,,,
44,why did I get this?,['https://kdnuggets.us12.list-manage.com/about?u=4f2891ebb155b23f120ece0bd&id=b2fa8716d2&e=7b6d08f5b4&c=8b87ba6f9a'],29,17/07/2023,,1896e808c897dab3,0,['https://kdnuggets.us12.list-manage.com/about?u=4f2891ebb155b23f120ece0bd&id=b2fa8716d2&e=7b6d08f5b4&c=8b87ba6f9a'],,,,,,,
